log_id,user_id,ip_address,failed_login_attempt,timestamp
1,101,192.168.1.1,1,2025-01-01 08:00:00
2,102,192.168.1.2,2,2025-01-01 09:10:00
3,103,192.168.1.3,1,2025-01-01 10:15:00
4,104,192.168.1.4,3,2025-01-01 11:25:00
5,101,192.168.1.5,1,2025-01-02 08:20:00
6,102,192.168.1.6,0,2025-01-02 09:40:00
7,103,192.168.1.7,2,2025-01-02 10:55:00
8,104,192.168.1.8,1,2025-01-02 12:00:00
9,101,192.168.1.9,0,2025-01-03 07:30:00
10,102,192.168.1.10,1,2025-01-03 08:50:00
11,103,192.168.1.11,1,2025-01-03 10:00:00
12,104,192.168.1.12,0,2025-01-03 11:15:00
13,101,192.168.1.13,2,2025-01-04 09:00:00
14,102,192.168.1.14,1,2025-01-04 10:20:00
15,103,192.168.1.15,0,2025-01-04 11:40:00
16,104,192.168.1.16,3,2025-01-04 12:50:00
17,101,192.168.1.17,0,2025-01-05 08:30:00
18,102,192.168.1.18,1,2025-01-05 09:45:00
19,103,192.168.1.19,2,2025-01-05 10:55:00
20,104,192.168.1.20,1,2025-01-05 11:10:00
